id,conversation_id,created_at,date,time,timezone,user_id,username,name,place,tweet,language,mentions,urls,photos,replies_count,retweets_count,likes_count,hashtags,cashtags,link,retweet,quote_url,video,thumbnail,near,geo,source,user_rt_id,user_rt,retweet_id,reply_to,retweet_date,translate,trans_src,trans_dest
1462506678763630593,1462485762218278917,2021-11-21 19:42:18 GMT,2021-11-21,19:42:18,+0000,1362475747559038978,danku_r,danku_r,,@TheRyanLion The marketcap of $LUNA can not be compared to others due to itÂ´s tokenomics. Thinking also about breaking this down. It has to be $LUNA + stablecoins,en,[],[],[],2,2,20,[],"['luna', 'luna']",https://twitter.com/danku_r/status/1462506678763630593,False,,0,,,,,,,,"[{'screen_name': 'TheRyanLion', 'name': 'RyanLion ğŸŒ–', 'id': '1326366156173824000'}]",,,,
1462485964467572738,1462485964467572738,2021-11-21 18:20:00 GMT,2021-11-21,18:20:00,+0000,1362475747559038978,danku_r,danku_r,,LetÂ´s Play (2EARN)? Testing @DefiKingdoms on @harmonyprotocol live on @YouTube   A gamified DEX with NFTs? Is this how we onboard the mainstream? LetÂ´s find out âš”ï¸ğŸ™‚    https://t.co/50MYnRGwhd via @YouTube,en,"[{'screen_name': 'defikingdoms', 'name': 'defi kingdoms', 'id': '1412168764284706822'}, {'screen_name': 'harmonyprotocol', 'name': 'harmony ğŸ’™', 'id': '1006055524666826754'}, {'screen_name': 'youtube', 'name': 'youtube', 'id': '10228272'}, {'screen_name': 'youtube', 'name': 'youtube', 'id': '10228272'}]",['https://youtu.be/Uijsq03D71Y'],[],3,5,21,[],[],https://twitter.com/danku_r/status/1462485964467572738,False,,0,,,,,,,,[],,,,
1462463558827053063,1462454779892928517,2021-11-21 16:50:58 GMT,2021-11-21,16:50:58,+0000,1362475747559038978,danku_r,danku_r,,"@lunaterraluna @NicolasFlamelX @Remi_Tetot which makes sense :) LUNA is the only coin which the price is not only a function out of future value and speculation, but also true scarcity due to the fact that it is literally captured in stablecoins safely.  It is one of the most beautiful designed systems, truly great.",en,[],[],[],2,0,25,[],[],https://twitter.com/danku_r/status/1462463558827053063,False,,0,,,,,,,,"[{'screen_name': 'lunaterraluna', 'name': 'LunÃ¡ticos (gm,gm)', 'id': '1439050947880267779'}, {'screen_name': 'NicolasFlamelX', 'name': 'Nicolas Flamel', 'id': '951386802841145346'}, {'screen_name': 'Remi_Tetot', 'name': 'Remi Tetot ğŸŒğŸŒ–ğŸ”´ğŸ¦‚', 'id': '1953841016'}]",,,,
1462460014497615881,1462454779892928517,2021-11-21 16:36:53 GMT,2021-11-21,16:36:53,+0000,1362475747559038978,danku_r,danku_r,,@NicolasFlamelX @Remi_Tetot @Remi_Tetot is right to suggest that.   The value of one $LUNA token is burned and captured in a stablecoin via the seigniorage process.  It has to be LUNA plus all stablecoins to be able to compare to other market caps.,en,[],[],[],4,0,13,[],['luna'],https://twitter.com/danku_r/status/1462460014497615881,False,,0,,,,,,,,"[{'screen_name': 'NicolasFlamelX', 'name': 'Nicolas Flamel', 'id': '951386802841145346'}, {'screen_name': 'Remi_Tetot', 'name': 'Remi Tetot ğŸŒğŸŒ–ğŸ”´ğŸ¦‚', 'id': '1953841016'}]",,,,
1462412983317852162,1462412983317852162,2021-11-21 13:30:00 GMT,2021-11-21,13:30:00,+0000,1362475747559038978,danku_r,danku_r,,Playing @DefiKingdoms live on stream? 80% of you voted yes. So letÂ´s go and see what this is all about ğŸ—¡ï¸  How will it be? DeFi revolution into GameFi? LetÂ´s find out! ğŸ‘€  Entering the kingdom at 6:30PM today ğŸ°    https://t.co/50MYnRGwhd via @YouTube,en,"[{'screen_name': 'defikingdoms', 'name': 'defi kingdoms', 'id': '1412168764284706822'}, {'screen_name': 'youtube', 'name': 'youtube', 'id': '10228272'}]",['https://youtu.be/Uijsq03D71Y'],[],7,7,49,[],[],https://twitter.com/danku_r/status/1462412983317852162,False,,0,,,,,,,,[],,,,
1462408022995701761,1462079495498784773,2021-11-21 13:10:17 GMT,2021-11-21,13:10:17,+0000,1362475747559038978,danku_r,danku_r,,@RuneKek  https://t.co/TruK5qy89e,und,[],[],['https://pbs.twimg.com/tweet_video_thumb/FEuEV5qXEAIwbK_.jpg'],0,0,13,[],[],https://twitter.com/danku_r/status/1462408022995701761,False,,1,https://pbs.twimg.com/tweet_video_thumb/FEuEV5qXEAIwbK_.jpg,,,,,,,[],,,,
1462403837004820485,1462185209193971721,2021-11-21 12:53:39 GMT,2021-11-21,12:53:39,+0000,1362475747559038978,danku_r,danku_r,,@bigG8818 @terra_money Thank you so much! Made my day! :) You too!,en,[],[],[],0,0,1,[],[],https://twitter.com/danku_r/status/1462403837004820485,False,,0,,,,,,,,"[{'screen_name': 'bigG8818', 'name': 'Greg', 'id': '1316353896'}, {'screen_name': 'terra_money', 'name': 'Terra (UST) ğŸŒ Powered by LUNA ğŸŒ•', 'id': '1022028994772910086'}]",,,,
1462386246806917124,1462385316204064772,2021-11-21 11:43:45 GMT,2021-11-21,11:43:45,+0000,1362475747559038978,danku_r,danku_r,,"@TerraYoda The moment you need to say it, it is already to late. So you are not blind :)  True power comes from learning and experiencing it. Nevertheless, we need to also keep challenging the stuff we support too:)   The force is with the open-minded :)",en,[],[],[],2,1,22,[],[],https://twitter.com/danku_r/status/1462386246806917124,False,,0,,,,,,,,"[{'screen_name': 'TerraYoda', 'name': 'Terra Yoda ğŸŒ–', 'id': '1428376779568394244'}]",,,,
1462371037119750146,1461084919287984132,2021-11-21 10:43:19 GMT,2021-11-21,10:43:19,+0000,1362475747559038978,danku_r,danku_r,,@Suprabh32270434 @terra_money I think this is a good assessment. Typical token launch which is now in a healthy consolidation :),en,[],[],[],0,0,1,[],[],https://twitter.com/danku_r/status/1462371037119750146,False,https://twitter.com/alphadefi_/status/1461876575964651529,0,,,,,,,,"[{'screen_name': 'Suprabh32270434', 'name': 'Suprabha', 'id': '947345161847050240'}, {'screen_name': 'terra_money', 'name': 'Terra (UST) ğŸŒ Powered by LUNA ğŸŒ•', 'id': '1022028994772910086'}]",,,,
1462362980230868992,1462278086162993152,2021-11-21 10:11:18 GMT,2021-11-21,10:11:18,+0000,1362475747559038978,danku_r,danku_r,,@TaikiMaeda2 @LeaksBlockchain Saw it live yesterday :) deserved ğŸ”¥ğŸ”¥,en,[],[],[],0,0,3,[],[],https://twitter.com/danku_r/status/1462362980230868992,False,,0,,,,,,,,"[{'screen_name': 'TaikiMaeda2', 'name': 'Taiki Maeda', 'id': '1064421325186359296'}, {'screen_name': 'LeaksBlockchain', 'name': 'BlockchainLeaks', 'id': '1051806822364004352'}]",,,,
1462345513324490754,1462316716591960065,2021-11-21 09:01:54 GMT,2021-11-21,09:01:54,+0000,1362475747559038978,danku_r,danku_r,,"@JayJaboneta @staderlabs @ApolloDAO @Astroverse_NFT @Levana_protocol Meteor crack announced? Where info, sir? :)",en,[],[],[],2,0,6,[],[],https://twitter.com/danku_r/status/1462345513324490754,False,,0,,,,,,,,"[{'screen_name': 'JayJaboneta', 'name': 'Jay.UST ğŸŒ–', 'id': '9532092'}, {'screen_name': 'staderlabs', 'name': 'Stader Labs', 'id': '1387924807480664067'}, {'screen_name': 'ApolloDAO', 'name': 'Apollo DAO ğŸŒ–', 'id': '1377000992617721859'}, {'screen_name': 'Astroverse_NFT', 'name': ""Astroverse | NFT's on Terra ğŸŒ–"", 'id': '1435480367356518404'}, {'screen_name': 'Levana_protocol', 'name': 'Levana Protocol (ğŸ‰,ğŸ‰)', 'id': '1385260253076414467'}]",,,,
1462345200530038785,1462267082477867010,2021-11-21 09:00:39 GMT,2021-11-21,09:00:39,+0000,1362475747559038978,danku_r,danku_r,,@redphonecrypto  https://t.co/jk1EsuEU1O,und,[],[],['https://pbs.twimg.com/tweet_video_thumb/FEtLNKQWYAMAD_p.jpg'],0,0,3,[],[],https://twitter.com/danku_r/status/1462345200530038785,False,,1,https://pbs.twimg.com/tweet_video_thumb/FEtLNKQWYAMAD_p.jpg,,,,,,,[],,,,
1462344791547691015,1462338785639911427,2021-11-21 08:59:02 GMT,2021-11-21,08:59:02,+0000,1362475747559038978,danku_r,danku_r,,"@Keulseobang @Qi_Capital I do. ETH has a lot to offer and opportunities.   However, I strongly disagree with the idea of an asset to increase in price if it turns it exclusivist by default.  Either the fees decrease or the price :)",en,[],[],[],2,1,4,[],[],https://twitter.com/danku_r/status/1462344791547691015,False,,0,,,,,,,,"[{'screen_name': 'Keulseobang', 'name': 'Keulseobang', 'id': '258058732'}, {'screen_name': 'Qi_Capital', 'name': 'Qi Capital', 'id': '1375399744000954370'}]",,,,
1462339681832640512,1462229572045479943,2021-11-21 08:38:43 GMT,2021-11-21,08:38:43,+0000,1362475747559038978,danku_r,danku_r,,@CryptoKnight944 Support ğŸ¤,en,[],[],[],0,0,5,[],[],https://twitter.com/danku_r/status/1462339681832640512,False,,0,,,,,,,,"[{'screen_name': 'CryptoKnight944', 'name': 'PapiğŸŒ—', 'id': '4046214861'}]",,,,
1462339363996581893,1462338785639911427,2021-11-21 08:37:27 GMT,2021-11-21,08:37:27,+0000,1362475747559038978,danku_r,danku_r,,@Qi_Capital I totally agree. It makes zero sense in terms of crypto ethos,en,[],[],[],1,0,19,[],[],https://twitter.com/danku_r/status/1462339363996581893,False,,0,,,,,,,,"[{'screen_name': 'Qi_Capital', 'name': 'Qi Capital', 'id': '1375399744000954370'}]",,,,
1462336872303185921,1462185209193971721,2021-11-21 08:27:33 GMT,2021-11-21,08:27:33,+0000,1362475747559038978,danku_r,danku_r,,@InfoSecZ It is just my PowerPoint slide. Sorry ğŸ™‡ğŸ»ğŸ™‡ğŸ»,en,[],[],[],0,0,0,[],[],https://twitter.com/danku_r/status/1462336872303185921,False,,0,,,,,,,,"[{'screen_name': 'InfoSecZ', 'name': 'J B', 'id': '1311456516'}]",,,,
1462231679418961932,1462185209193971721,2021-11-21 01:29:33 GMT,2021-11-21,01:29:33,+0000,1362475747559038978,danku_r,danku_r,,"@apljaxsun @terra_money Not yet, thinking about putting everything up for free usage :)",en,[],[],[],1,1,9,[],[],https://twitter.com/danku_r/status/1462231679418961932,False,,0,,,,,,,,"[{'screen_name': 'apljaxsun', 'name': 'APLJAXSUN', 'id': '1444687649386663943'}, {'screen_name': 'terra_money', 'name': 'Terra (UST) ğŸŒ Powered by LUNA ğŸŒ•', 'id': '1022028994772910086'}]",,,,
1462221254061088773,1462185209193971721,2021-11-21 00:48:08 GMT,2021-11-21,00:48:08,+0000,1362475747559038978,danku_r,danku_r,,@CodNaive @terra_money The token distribution will decrease. You can check it in the docs :),en,[],[],[],1,0,1,[],[],https://twitter.com/danku_r/status/1462221254061088773,False,,0,,,,,,,,"[{'screen_name': 'CodNaive', 'name': 'Naive cod', 'id': '1414950055463825414'}, {'screen_name': 'terra_money', 'name': 'Terra (UST) ğŸŒ Powered by LUNA ğŸŒ•', 'id': '1022028994772910086'}]",,,,
1462197490225197059,1462185209193971721,2021-11-20 23:13:42 GMT,2021-11-20,23:13:42,+0000,1362475747559038978,danku_r,danku_r,,"@BehemothBtc usually, tokens are not fully distributed due to vesting schedule etc. At the start, this means that the MC is just the available tokens times price.   Take that price time the full token genesis, to see where the token would really be at that price in terms of true MC :)",en,[],[],[],0,0,1,[],[],https://twitter.com/danku_r/status/1462197490225197059,False,,0,,,,,,,,"[{'screen_name': 'BehemothBtc', 'name': 'BehemothBTC', 'id': '1451076225779314689'}]",,,,
1462189849776119809,1462185209193971721,2021-11-20 22:43:21 GMT,2021-11-20,22:43:21,+0000,1362475747559038978,danku_r,danku_r,,"@kyxstrez @alphaDefi_ @Delphi_Digital Yes, it most likely will :)",en,[],[],[],0,0,0,[],[],https://twitter.com/danku_r/status/1462189849776119809,False,,0,,,,,,,,"[{'screen_name': 'kyxstrez', 'name': 'Kyxstrez', 'id': '702540684713181184'}, {'screen_name': 'alphaDefi_', 'name': 'alphaDefi', 'id': '1387576942363385857'}, {'screen_name': 'Delphi_Digital', 'name': 'Delphi Digital', 'id': '1037045241084342272'}]",,,,
1462189013402636290,1462185209193971721,2021-11-20 22:40:01 GMT,2021-11-20,22:40:01,+0000,1362475747559038978,danku_r,danku_r,,@melbourne1973 @terra_money ğŸ™ğŸ»ğŸ™ğŸ»ğŸ˜Š,und,[],[],[],0,0,1,[],[],https://twitter.com/danku_r/status/1462189013402636290,False,,0,,,,,,,,"[{'screen_name': 'melbourne1973', 'name': 'Mel (3,3)', 'id': '1721486336'}, {'screen_name': 'terra_money', 'name': 'Terra (UST) ğŸŒ Powered by LUNA ğŸŒ•', 'id': '1022028994772910086'}]",,,,
1462188615929417729,1462185209193971721,2021-11-20 22:38:26 GMT,2021-11-20,22:38:26,+0000,1362475747559038978,danku_r,danku_r,,@kyxstrez @alphaDefi_ Audited yes and incubated by @Delphi_Digital   I guess there is probably not few more proven entities in the space :),en,"[{'screen_name': 'delphi_digital', 'name': 'delphi digital', 'id': '1037045241084342272'}]",[],[],1,0,1,[],[],https://twitter.com/danku_r/status/1462188615929417729,False,,0,,,,,,,,"[{'screen_name': 'kyxstrez', 'name': 'Kyxstrez', 'id': '702540684713181184'}, {'screen_name': 'alphaDefi_', 'name': 'alphaDefi', 'id': '1387576942363385857'}]",,,,
1462185237010657287,1462185209193971721,2021-11-20 22:25:01 GMT,2021-11-20,22:25:01,+0000,1362475747559038978,danku_r,danku_r,,"7/ Special thanks to @alphaDefi_ for providing the data points. Find his amazing web app on  https://t.co/KxgPHYGKi9  In case you want my two cents on those topics, feel free to check this video on YouTube :)   #DegenFarmer Out :)  ğŸ‘‡ğŸ‘‡ğŸ“½ï¸  https://t.co/Blmq3ALPsv",en,"[{'screen_name': 'alphadefi_', 'name': 'alphadefi', 'id': '1387576942363385857'}]","['http://app.alphadefi.fund', 'https://youtu.be/1N994RvarEA']",[],4,4,27,['degenfarmer'],[],https://twitter.com/danku_r/status/1462185237010657287,False,,0,,,,,,,,[],,,,
1462185234854723595,1462185209193971721,2021-11-20 22:25:00 GMT,2021-11-20,22:25:00,+0000,1362475747559038978,danku_r,danku_r,,"6/ Not enough Degen numbers yet? There are chances to get over 200% APR on different UST pools.  Just remain attentive to the price action of the underlying assets.   Then, as usual: Plan long term to take benefit of farms and check upcoming airdrops and the fully diluted MC.  https://t.co/UH4VVM3TgV",en,[],[],['https://pbs.twimg.com/media/FEq4L-NWQAIgwpa.jpg'],4,1,17,[],[],https://twitter.com/danku_r/status/1462185234854723595,False,,1,https://pbs.twimg.com/media/FEq4L-NWQAIgwpa.jpg,,,,,,,[],,,,
1462185230450761736,1462185209193971721,2021-11-20 22:24:59 GMT,2021-11-20,22:24:59,+0000,1362475747559038978,danku_r,danku_r,,"5/ Talking about @anchor_protocol, how is the health situation of the core protocol of @terra_money?  In a nutshell: Amazing.   With stable deposits of bLUNA (70M) and bETH at (85k), the yield reserve is filling up at an impressive speed (grey line).  EARN APY 20% âœ…  https://t.co/SN3h97kCi7",en,"[{'screen_name': 'anchor_protocol', 'name': 'anchor protocol', 'id': '1279333728032976896'}, {'screen_name': 'terra_money', 'name': 'terra (ust) ğŸŒ powered by luna ğŸŒ•', 'id': '1022028994772910086'}]",[],['https://pbs.twimg.com/media/FEq3aOIXoAYZr2K.jpg'],1,1,19,[],[],https://twitter.com/danku_r/status/1462185230450761736,False,,1,https://pbs.twimg.com/media/FEq3aOIXoAYZr2K.jpg,,,,,,,[],,,,
1462185226386526211,1462185209193971721,2021-11-20 22:24:58 GMT,2021-11-20,22:24:58,+0000,1362475747559038978,danku_r,danku_r,,"4/ But where to take the whole money to farm? Maybe a borrow on @anchor_protocol ?  Sure! However, we are not getting paid for borrowing money (what, paying for a borrow? No way ğŸ˜‚)  For the first time, the net borrow APR turned negative. So just be aware of this, degen friend!  https://t.co/Vrj5pxeKiq",en,"[{'screen_name': 'anchor_protocol', 'name': 'anchor protocol', 'id': '1279333728032976896'}]",[],['https://pbs.twimg.com/media/FEq2heGXwAMoHQD.jpg'],1,0,18,[],[],https://twitter.com/danku_r/status/1462185226386526211,False,,1,https://pbs.twimg.com/media/FEq2heGXwAMoHQD.jpg,,,,,,,[],,,,
1462185222125010944,1462185209193971721,2021-11-20 22:24:57 GMT,2021-11-20,22:24:57,+0000,1362475747559038978,danku_r,danku_r,,"3/ Feels like meeting an old friend. Short and Long Farm APRs on @mirror_protocol   Is the Degen Life strategy still interesting? Yes, sir. With stable Long Farms around 35%, neutral farming is still great.  Nevertheless, we need to observe the effect of the MIR reduction soon.  https://t.co/RSwwV23Gkm",en,"[{'screen_name': 'mirror_protocol', 'name': 'mirror protocol', 'id': '1334427533064855552'}]",[],['https://pbs.twimg.com/media/FEq2AQSWYAQxSiU.jpg'],1,0,12,[],[],https://twitter.com/danku_r/status/1462185222125010944,False,,1,https://pbs.twimg.com/media/FEq2AQSWYAQxSiU.jpg,,,,,,,[],,,,
1462185217897246726,1462185209193971721,2021-11-20 22:24:56 GMT,2021-11-20,22:24:56,+0000,1362475747559038978,danku_r,danku_r,,"2/ With the slowdown of the LUNA-bLUNA LP, it makes sense to check to the classic LUNA staking again.  After a slowdown based on annualized returns around COL-5, the yield is starting to skyrocket.  Why? Ozone burns minting billions of $UST makes it happen! (Excluding airdrops)  https://t.co/tFAfy1Yx0G",en,[],[],['https://pbs.twimg.com/media/FEq1gyZXsAANTpf.jpg'],1,0,11,[],['ust'],https://twitter.com/danku_r/status/1462185217897246726,False,,1,https://pbs.twimg.com/media/FEq1gyZXsAANTpf.jpg,,,,,,,[],,,,
1462185213589659652,1462185209193971721,2021-11-20 22:24:55 GMT,2021-11-20,22:24:55,+0000,1362475747559038978,danku_r,danku_r,,"1/ LetÂ´s start with @terraswap_io and the major ""hidden"" farms. As usual, TS has no native token. So the APR is pure pool fees.  bLUNA-LUNA has slowed down a bit in the last months. Still, a solid APR of around 15%.  The hidden kings are now bETH and LUNA against UST with &gt;50%.  https://t.co/cu2OorqriI",en,"[{'screen_name': 'terraswap_io', 'name': 'terraswap', 'id': '1392644856753709057'}]",[],['https://pbs.twimg.com/media/FEq0mGfXwAE7exf.jpg'],1,0,15,[],[],https://twitter.com/danku_r/status/1462185213589659652,False,,1,https://pbs.twimg.com/media/FEq0mGfXwAE7exf.jpg,,,,,,,[],,,,
1462185209193971721,1462185209193971721,2021-11-20 22:24:54 GMT,2021-11-20,22:24:54,+0000,1362475747559038978,danku_r,danku_r,,"""Those too lazy to plow in the right season will have no food at the harvest.â€ Proverbs 20:4  Epic Biblical passage, but our Degen ancestors had no shiny data set to check yield on @terra_money   So, letÂ´s check the current yield situation to ape safely   ğŸ§µğŸ‘‡ /n  https://t.co/SMkdGv7xon",en,"[{'screen_name': 'terra_money', 'name': 'terra (ust) ğŸŒ powered by luna ğŸŒ•', 'id': '1022028994772910086'}]",[],['https://pbs.twimg.com/media/FEq0jGyXsAgDgBX.jpg'],11,30,141,[],[],https://twitter.com/danku_r/status/1462185209193971721,False,,1,https://pbs.twimg.com/media/FEq0jGyXsAgDgBX.jpg,,,,,,,[],,,,
1462176463977959435,1462175321235460096,2021-11-20 21:50:09 GMT,2021-11-20,21:50:09,+0000,1362475747559038978,danku_r,danku_r,,"@jp12__ @TheMoonMidas @Speicherx @GJFlannery19 @alphaDefi_ @SumoLuna @Josephliow @brian_terra_ @sem1d5 @FynnToTheMoon possible, because already done :) @kado_money for the win :)",en,"[{'screen_name': 'kado_money', 'name': 'kado ğŸŒ–', 'id': '1348866857672069123'}]",[],[],0,0,1,[],[],https://twitter.com/danku_r/status/1462176463977959435,False,,0,,,,,,,,"[{'screen_name': 'jp12__', 'name': 'jp12 | ğŸŒ– | (ğŸ¤,ğŸ¤)', 'id': '1398906152729993216'}, {'screen_name': 'TheMoonMidas', 'name': 'Midas ğŸŒ–', 'id': '535662615'}, {'screen_name': 'Speicherx', 'name': 'Jo æ— ğŸŒ–', 'id': '257846146'}, {'screen_name': 'GJFlannery19', 'name': 'GJ FlanneryğŸŒ”', 'id': '756183266'}, {'screen_name': 'alphaDefi_', 'name': 'alphaDefi', 'id': '1387576942363385857'}, {'screen_name': 'SumoLuna', 'name': 'Sumo.ust', 'id': '1435723345304096768'}, {'screen_name': 'Josephliow', 'name': 'Joseph', 'id': '269117331'}, {'screen_name': 'brian_terra_', 'name': 'data via brian_', 'id': '1395132084604350468'}, {'screen_name': 'sem1d5', 'name': 'sem', 'id': '1377223996794568712'}, {'screen_name': 'FynnToTheMoon', 'name': 'Fynn ğŸŒ–', 'id': '1366420336263245829'}]",,,,
1462170469109542923,1462141178242113541,2021-11-20 21:26:20 GMT,2021-11-20,21:26:20,+0000,1362475747559038978,danku_r,danku_r,,@warr305 @DefiKingdoms Whatâ€™s the best way to get information? Discord? :),en,[],[],[],0,0,0,[],[],https://twitter.com/danku_r/status/1462170469109542923,False,,0,,,,,,,,"[{'screen_name': 'warr305', 'name': 'Warr King', 'id': '455230280'}, {'screen_name': 'DefiKingdoms', 'name': 'DeFi Kingdoms', 'id': '1412168764284706822'}]",,,,
1462141178242113541,1462141178242113541,2021-11-20 19:29:56 GMT,2021-11-20,19:29:56,+0000,1362475747559038978,danku_r,danku_r,,Speed Heat Check ğŸŒ¡ï¸  Playing @DefiKingdoms live on stream to test game mechanics and utility of GameFi?,en,"[{'screen_name': 'defikingdoms', 'name': 'defi kingdoms', 'id': '1412168764284706822'}]",[],[],16,5,33,[],[],https://twitter.com/danku_r/status/1462141178242113541,False,,0,,,,,,,,[],,,,
1462136650801328135,1462136650801328135,2021-11-20 19:11:57 GMT,2021-11-20,19:11:57,+0000,1362475747559038978,danku_r,danku_r,,"@WhiteWhaleTerra being nice, sarcastic, or both? ğŸ¤”ğŸ˜‚  ""Borrowers who are liquidated on these protocols by White Whaleâ€™s bots will automatically receive an NFT in their wallet designed by our in-house graphics team as a consolation.""",en,[],[],[],7,5,89,[],[],https://twitter.com/danku_r/status/1462136650801328135,False,,0,,,,,,,,[],,,,
1462111623297044490,1462107534278410240,2021-11-20 17:32:30 GMT,2021-11-20,17:32:30,+0000,1362475747559038978,danku_r,danku_r,,@invidium0x @staderlabs  https://t.co/T1mGlPggTW,und,[],[],['https://pbs.twimg.com/tweet_video_thumb/FEp2xKJXoAURq98.jpg'],1,0,3,[],[],https://twitter.com/danku_r/status/1462111623297044490,False,,1,https://pbs.twimg.com/tweet_video_thumb/FEp2xKJXoAURq98.jpg,,,,,,,"[{'screen_name': 'invidium0x', 'name': 'Invidium0x ğŸŒ– áš± ğŸ¦‡ğŸ”ŠğŸ¸', 'id': '1391761440596533251'}]",,,,
1462110458001956877,1462107534278410240,2021-11-20 17:27:52 GMT,2021-11-20,17:27:52,+0000,1362475747559038978,danku_r,danku_r,,@invidium0x @staderlabs yes :) but letÂ´s agree on arguments to throw :),en,[],[],[],1,0,2,[],[],https://twitter.com/danku_r/status/1462110458001956877,False,,0,,,,,,,,"[{'screen_name': 'invidium0x', 'name': 'Invidium0x ğŸŒ– áš± ğŸ¦‡ğŸ”ŠğŸ¸', 'id': '1391761440596533251'}, {'screen_name': 'staderlabs', 'name': 'Stader Labs', 'id': '1387924807480664067'}]",,,,
1462108498679025664,1462107534278410240,2021-11-20 17:20:05 GMT,2021-11-20,17:20:05,+0000,1362475747559038978,danku_r,danku_r,,@JustLeeXI @staderlabs Agree! :) donâ€™t like it either. The outcome would have been the same still :) to many people for not enough space,en,[],[],[],1,0,1,[],[],https://twitter.com/danku_r/status/1462108498679025664,False,,0,,,,,,,,"[{'screen_name': 'JustLeeXI', 'name': 'jlee ğŸŒ–', 'id': '446998502'}, {'screen_name': 'staderlabs', 'name': 'Stader Labs', 'id': '1387924807480664067'}]",,,,
1462107534278410240,1462107534278410240,2021-11-20 17:16:15 GMT,2021-11-20,17:16:15,+0000,1362475747559038978,danku_r,danku_r,,Update on @staderlabs  The community farming TVL will be increased in 3 days as announced by the team earlier.  No worries if you are not yet in the pools. You will be soon :)  The cap is in place to ensure protocol stability. Sound decision IMO  https://t.co/qOUwSUUmtI,en,"[{'screen_name': 'staderlabs', 'name': 'stader labs', 'id': '1387924807480664067'}]",[],['https://pbs.twimg.com/media/FEpzDXYXwAUQyQ9.jpg'],22,4,68,[],[],https://twitter.com/danku_r/status/1462107534278410240,False,,1,https://pbs.twimg.com/media/FEpzDXYXwAUQyQ9.jpg,,,,,,,[],,,,
1462106547421593601,1461876575964651529,2021-11-20 17:12:20 GMT,2021-11-20,17:12:20,+0000,1362475747559038978,danku_r,danku_r,,@ltaesthetics @hanneswot @flengure @alphaDefi_ @stablekwon To clarify: Thatâ€™s not what I meant sir :) I only answered his question in regards of availability of LUNA or UST on exchanges :),en,[],[],[],0,0,2,[],[],https://twitter.com/danku_r/status/1462106547421593601,False,,0,,,,,,,,"[{'screen_name': 'ltaesthetics', 'name': 'lt ğŸŒ– (3,3)', 'id': '1444341558732599302'}, {'screen_name': 'hanneswot', 'name': 'hanneswot', 'id': '1341807890496167936'}, {'screen_name': 'flengure', 'name': 'flengure.ust', 'id': '925392926951305216'}, {'screen_name': 'alphaDefi_', 'name': 'alphaDefi', 'id': '1387576942363385857'}, {'screen_name': 'stablekwon', 'name': 'Do Kwon ğŸŒ–', 'id': '357317524'}]",,,,
1462103800173498374,1461043605095817218,2021-11-20 17:01:25 GMT,2021-11-20,17:01:25,+0000,1362475747559038978,danku_r,danku_r,,"@trades_beach I think itÂ´s not relevant, as the TVL will be increased soon. There is no downside if you didnÂ´t made it :) See screenshot :)  Yes, I made it in by accident. I usually arrive 15 min early on the page. Not cool, but hey, not relevant really :)  https://t.co/fbyPhXCILG",en,[],[],['https://pbs.twimg.com/media/FEpvg7bWQAgE4eV.png'],0,0,0,[],[],https://twitter.com/danku_r/status/1462103800173498374,False,,1,https://pbs.twimg.com/media/FEpvg7bWQAgE4eV.png,,,,,,,"[{'screen_name': 'trades_beach', 'name': 'BeachRockTrades', 'id': '1433781336796540928'}]",,,,
1462093921236967432,1461876575964651529,2021-11-20 16:22:09 GMT,2021-11-20,16:22:09,+0000,1362475747559038978,danku_r,danku_r,,"@hanneswot @flengure @alphaDefi_ @stablekwon sure, we only need to care about the growth and reach of stablecoins as community :)",en,[],[],[],0,0,8,[],[],https://twitter.com/danku_r/status/1462093921236967432,False,,0,,,,,,,,"[{'screen_name': 'hanneswot', 'name': 'hanneswot', 'id': '1341807890496167936'}, {'screen_name': 'flengure', 'name': 'flengure.ust', 'id': '925392926951305216'}, {'screen_name': 'alphaDefi_', 'name': 'alphaDefi', 'id': '1387576942363385857'}, {'screen_name': 'stablekwon', 'name': 'Do Kwon ğŸŒ–', 'id': '357317524'}]",,,,
1462093651589447683,1462077644661563399,2021-11-20 16:21:05 GMT,2021-11-20,16:21:05,+0000,1362475747559038978,danku_r,danku_r,,"@majinboo_defi @ErikVoorhees get well soon, sir! :)",en,[],[],[],0,0,0,[],[],https://twitter.com/danku_r/status/1462093651589447683,False,,0,,,,,,,,"[{'screen_name': 'majinboo_defi', 'name': 'majinboo ğŸŒ‹', 'id': '1405797393682030594'}, {'screen_name': 'ErikVoorhees', 'name': 'Erik Voorhees', 'id': '61417559'}]",,,,
1462093575282438152,1462089931074023426,2021-11-20 16:20:47 GMT,2021-11-20,16:20:47,+0000,1362475747559038978,danku_r,danku_r,,@Funkmeister380 @staderlabs I am in :),en,[],[],[],0,0,0,[],[],https://twitter.com/danku_r/status/1462093575282438152,False,,0,,,,,,,,"[{'screen_name': 'Funkmeister380', 'name': 'Matthias Funke', 'id': '344223041'}, {'screen_name': 'staderlabs', 'name': 'Stader Labs', 'id': '1387924807480664067'}]",,,,
1462077644661563399,1462077644661563399,2021-11-20 15:17:29 GMT,2021-11-20,15:17:29,+0000,1362475747559038978,danku_r,danku_r,,"Kudos â¦â¦â¦@ErikVoorheesâ©  â€œWhat I care about isnâ€™t that BTC, or that ETH, or that any project succeeds. What I care about is separating money from state; the entire financial system being built on market principles instead of coercion.â€  https://t.co/Jp2N7iTrk9",en,"[{'screen_name': 'erikvoorhees', 'name': 'erik voorhees', 'id': '61417559'}]",['https://podcasts.apple.com/de/podcast/what-bitcoin-did/id1317356120?i=1000542356037'],[],3,4,36,[],[],https://twitter.com/danku_r/status/1462077644661563399,False,,0,,,,,,,,[],,,,
1462064549666897924,1461876575964651529,2021-11-20 14:25:27 GMT,2021-11-20,14:25:27,+0000,1362475747559038978,danku_r,danku_r,,"@flengure @alphaDefi_ @stablekwon ğŸ¤ protocols are to function, not to build token prices :)",en,[],[],[],4,1,36,[],[],https://twitter.com/danku_r/status/1462064549666897924,False,,0,,,,,,,,"[{'screen_name': 'flengure', 'name': 'flengure.ust', 'id': '925392926951305216'}, {'screen_name': 'alphaDefi_', 'name': 'alphaDefi', 'id': '1387576942363385857'}, {'screen_name': 'stablekwon', 'name': 'Do Kwon ğŸŒ–', 'id': '357317524'}]",,,,
1461996956637671424,1461707758160465921,2021-11-20 09:56:51 GMT,2021-11-20,09:56:51,+0000,1362475747559038978,danku_r,danku_r,,@farmerdbrown @terra_bots_io  https://t.co/C5MtdYao4H,und,[],[],['https://pbs.twimg.com/tweet_video_thumb/FEoOes5XsAccm_W.jpg'],0,0,2,[],[],https://twitter.com/danku_r/status/1461996956637671424,False,,1,https://pbs.twimg.com/tweet_video_thumb/FEoOes5XsAccm_W.jpg,,,,,,,"[{'screen_name': 'farmerdbrown', 'name': 'Farmer D Brown $UST ğŸŒ– $KDA â›“ğŸ•¸', 'id': '51686561'}]",,,,
1461988180878581761,1458601549467295748,2021-11-20 09:21:59 GMT,2021-11-20,09:21:59,+0000,1362475747559038978,danku_r,danku_r,,@th3blad3runn3r @THORChain  https://t.co/vB4IryCT1n  ğŸ™‹ğŸ»â€â™‚ï¸ğŸ˜Š,und,[],['https://youtube.com/c/dankur'],[],1,0,1,[],[],https://twitter.com/danku_r/status/1461988180878581761,False,,0,,,,,,,,"[{'screen_name': 'th3blad3runn3r', 'name': 'netjunkie2k', 'id': '2545720517'}, {'screen_name': 'THORChain', 'name': 'THORChain #RAISETHECAPS', 'id': '1012021170244161536'}]",,,,
1461987662479466497,1458601549467295748,2021-11-20 09:19:55 GMT,2021-11-20,09:19:55,+0000,1362475747559038978,danku_r,danku_r,,@THORChain Where can I read upon the upcoming implementations? Would like to cover this on my channel :),en,[],[],[],3,0,14,[],[],https://twitter.com/danku_r/status/1461987662479466497,False,,0,,,,,,,,"[{'screen_name': 'THORChain', 'name': 'THORChain #RAISETHECAPS', 'id': '1012021170244161536'}]",,,,
1461986788344582154,1461770627585617930,2021-11-20 09:16:27 GMT,2021-11-20,09:16:27,+0000,1362475747559038978,danku_r,danku_r,,@JLchiliz @alphaDefi_ @NexusProtocol Because itâ€™s great work â€œfor freeâ€ that supports me as a retail farmer a ton :),en,[],[],[],1,0,4,[],[],https://twitter.com/danku_r/status/1461986788344582154,False,,0,,,,,,,,"[{'screen_name': 'JLchiliz', 'name': 'JLchiliz', 'id': '1124005527694999553'}, {'screen_name': 'alphaDefi_', 'name': 'alphaDefi', 'id': '1387576942363385857'}, {'screen_name': 'NexusProtocol', 'name': 'Nexus Protocol (Î¨,Î¨)', 'id': '1383761761468178432'}]",,,,
1461985352118325250,1461770627585617930,2021-11-20 09:10:44 GMT,2021-11-20,09:10:44,+0000,1362475747559038978,danku_r,danku_r,,@alphaDefi_ @NexusProtocol ğŸ”¥ğŸ”¥ğŸ”¥,und,[],[],[],1,0,3,[],[],https://twitter.com/danku_r/status/1461985352118325250,False,,0,,,,,,,,"[{'screen_name': 'alphaDefi_', 'name': 'alphaDefi', 'id': '1387576942363385857'}, {'screen_name': 'NexusProtocol', 'name': 'Nexus Protocol (Î¨,Î¨)', 'id': '1383761761468178432'}]",,,,
1461977708066394114,1461789547168161797,2021-11-20 08:40:22 GMT,2021-11-20,08:40:22,+0000,1362475747559038978,danku_r,danku_r,,@thejamhole @terra_money @anchor_protocol You will live a long and healthy intern life! :),en,[],[],[],0,0,0,[],[],https://twitter.com/danku_r/status/1461977708066394114,False,,0,,,,,,,,"[{'screen_name': 'thejamhole', 'name': 'Finntern.UST', 'id': '15712483'}, {'screen_name': 'terra_money', 'name': 'Terra (UST) ğŸŒ Powered by LUNA ğŸŒ•', 'id': '1022028994772910086'}, {'screen_name': 'anchor_protocol', 'name': 'Anchor Protocol', 'id': '1279333728032976896'}]",,,,
1461975993762074631,1461908546354823168,2021-11-20 08:33:33 GMT,2021-11-20,08:33:33,+0000,1362475747559038978,danku_r,danku_r,,@TheMoonMidas @terra_money @Panterra0x @gtcapital_ @TheRyanLion @GJFlannery19 @TwiceInABluMoon @PeterTheTerran @HooliganTwts @chauncey_stjohn @C0mbatvv0mbat @stablekwon ğŸ™‡ğŸ»ğŸ™‡ğŸ»ğŸ™‡ğŸ» me sleeping ğŸ¤¦ğŸ»ğŸ¤¦ğŸ»ğŸ¤¦ğŸ»,en,[],[],[],1,1,7,[],[],https://twitter.com/danku_r/status/1461975993762074631,False,,0,,,,,,,,"[{'screen_name': 'TheMoonMidas', 'name': 'Midas ğŸŒ–', 'id': '535662615'}, {'screen_name': 'terra_money', 'name': 'Terra (UST) ğŸŒ Powered by LUNA ğŸŒ•', 'id': '1022028994772910086'}, {'screen_name': 'Panterra0x', 'name': 'Panterra0x', 'id': '1353509326489530369'}, {'screen_name': 'gtcapital_', 'name': 'GT Capital ğŸŒ–', 'id': '1442773884953153542'}, {'screen_name': 'TheRyanLion', 'name': 'RyanLion ğŸŒ–', 'id': '1326366156173824000'}, {'screen_name': 'GJFlannery19', 'name': 'GJ FlanneryğŸŒ”', 'id': '756183266'}, {'screen_name': 'TwiceInABluMoon', 'name': 'Trevor.UST ğŸ˜‡', 'id': '4746375182'}, {'screen_name': 'PeterTheTerran', 'name': 'Peter The Terran ğŸŒ–â›“ $LUNA $TFLOKI ğŸŸ $KDA $FLUX', 'id': '166801998'}, {'screen_name': 'HooliganTwts', 'name': 'HooliganTwts $UST ğŸ‚ğŸŒ” $Luna', 'id': '955579868112044034'}, {'screen_name': 'chauncey_stjohn', 'name': 'Chauncey St. John ğŸŒ–ğŸ˜‡ $UST', 'id': '734080891786539008'}, {'screen_name': 'C0mbatvv0mbat', 'name': 'ğ”¸ğ•£ğ•”ğ•™ğ•’ğ•Ÿğ•˜ğ•–ğ•â€¢â„ğ•’ğ•¡ğ•™ğ•’ğ•–ğ•â€¢$ğ•Œğ•Šğ•‹â€¢$ğ•ƒğ•Œâ„•ğ”¸', 'id': '1047320182597644289'}, {'screen_name': 'stablekwon', 'name': 'Do Kwon ğŸŒ–', 'id': '357317524'}]",,,,
1461975709027553281,1461918444132061184,2021-11-20 08:32:25 GMT,2021-11-20,08:32:25,+0000,1362475747559038978,danku_r,danku_r,,@Speicherx And price charts :),en,[],[],[],1,0,16,[],[],https://twitter.com/danku_r/status/1461975709027553281,False,,0,,,,,,,,"[{'screen_name': 'Speicherx', 'name': 'Jo æ— ğŸŒ–', 'id': '257846146'}]",,,,
1461869814725713941,1461830612541661188,2021-11-20 01:31:38 GMT,2021-11-20,01:31:38,+0000,1362475747559038978,danku_r,danku_r,,@Keulseobang @terra_money @YouTube Thank you for the kind words :) :),en,[],[],[],0,0,1,[],[],https://twitter.com/danku_r/status/1461869814725713941,False,,0,,,,,,,,"[{'screen_name': 'Keulseobang', 'name': 'Keulseobang', 'id': '258058732'}, {'screen_name': 'terra_money', 'name': 'Terra (UST) ğŸŒ Powered by LUNA ğŸŒ•', 'id': '1022028994772910086'}, {'screen_name': 'YouTube', 'name': 'YouTube', 'id': '10228272'}]",,,,
1461842024840192007,1461748853317636103,2021-11-19 23:41:13 GMT,2021-11-19,23:41:13,+0000,1362475747559038978,danku_r,danku_r,,@Robokenpo @terraApeville @apevilleLLC @TerransNFT ğŸ™‡ğŸ»ğŸ™‡ğŸ»ğŸ™‡ğŸ»ğŸ™‡ğŸ»ğŸ™‡ğŸ»,und,[],[],[],0,0,2,[],[],https://twitter.com/danku_r/status/1461842024840192007,False,,0,,,,,,,,"[{'screen_name': 'Robokenpo', 'name': 'N A R M', 'id': '1220561132'}, {'screen_name': 'terraApeville', 'name': 'Apeville.UST', 'id': '1396280830037741582'}, {'screen_name': 'apevilleLLC', 'name': 'APEVILLE $LUNA', 'id': '15765992'}, {'screen_name': 'TerransNFT', 'name': 'ğ™ğ™€ğ™ğ™ğ˜¼ğ™‰ğ™', 'id': '1438884412704309251'}]",,,,
1461831171692769286,1461707758160465921,2021-11-19 22:58:05 GMT,2021-11-19,22:58:05,+0000,1362475747559038978,danku_r,danku_r,,@Ti_Fi_Lunatic @terra_bots_io Happy Gangsta 05 ğŸ’â€â™‚ï¸,en,[],[],[],0,0,0,[],[],https://twitter.com/danku_r/status/1461831171692769286,False,,0,,,,,,,,"[{'screen_name': 'Ti_Fi_Lunatic', 'name': 'Ti.FI the Terra Lunatic', 'id': '1362441615168720897'}, {'screen_name': 'terra_bots_io', 'name': 'TerraBots | Dcentral Nov 30', 'id': '1446826378981036036'}]",,,,
1461830612541661188,1461830612541661188,2021-11-19 22:55:52 GMT,2021-11-19,22:55:52,+0000,1362475747559038978,danku_r,danku_r,,Winter is coming! But that wonÂ´t stop us from farming with 100%+ on @terra_money in full degen mode ğŸ§‘â€ğŸŒ¾  We anyway ape safely as responsible degens  ğŸ’ğŸ¦ºHow? By mastering all the data points!  LetÂ´s check the best farms on @terra_money ğŸ‘‡ğŸ‘‡ğŸ“½ï¸  https://t.co/Blmq3ALPsv via @YouTube,en,"[{'screen_name': 'terra_money', 'name': 'terra (ust) ğŸŒ powered by luna ğŸŒ•', 'id': '1022028994772910086'}, {'screen_name': 'terra_money', 'name': 'terra (ust) ğŸŒ powered by luna ğŸŒ•', 'id': '1022028994772910086'}, {'screen_name': 'youtube', 'name': 'youtube', 'id': '10228272'}]",['https://youtu.be/1N994RvarEA'],[],5,19,139,[],[],https://twitter.com/danku_r/status/1461830612541661188,False,,0,,,,,,,,[],,,,
1461789547168161797,1461789547168161797,2021-11-19 20:12:41 GMT,2021-11-19,20:12:41,+0000,1362475747559038978,danku_r,danku_r,,"There is a lot of data points to digest for a full farmers update on @terra_money   No matter how late, the video will go out there tonight!  A little sneak peek: Checking @anchor_protocol health status to understand the EARN yield expectation long term! :)  https://t.co/AfD3TAdvLO",en,"[{'screen_name': 'terra_money', 'name': 'terra (ust) ğŸŒ powered by luna ğŸŒ•', 'id': '1022028994772910086'}, {'screen_name': 'anchor_protocol', 'name': 'anchor protocol', 'id': '1279333728032976896'}]",[],['https://pbs.twimg.com/media/FElRUbYX0AwEGNW.jpg'],15,14,170,[],[],https://twitter.com/danku_r/status/1461789547168161797,False,,1,https://pbs.twimg.com/media/FElRUbYX0AwEGNW.jpg,,,,,,,[],,,,
1461780874995900419,1461780874995900419,2021-11-19 19:38:13 GMT,2021-11-19,19:38:13,+0000,1362475747559038978,danku_r,danku_r,,"This is an honor and makes me very proud. Glad to see that I could pave the way for someone into this great @terra_money ecosystem and community :)  Thanks, @TerraGolem_NFT ğŸª„",en,"[{'screen_name': 'terra_money', 'name': 'terra (ust) ğŸŒ powered by luna ğŸŒ•', 'id': '1022028994772910086'}, {'screen_name': 'terragolem_nft', 'name': 'terragolem_nft - first spawn 24 nov', 'id': '1449350103194607617'}]",[],[],3,0,23,[],[],https://twitter.com/danku_r/status/1461780874995900419,False,https://twitter.com/TerraGolem_NFT/status/1461778556791500800,0,,,,,,,,[],,,,
1461729846757838849,1461653178844430336,2021-11-19 16:15:27 GMT,2021-11-19,16:15:27,+0000,1362475747559038978,danku_r,danku_r,,@Remi_Tetot Gentleman! Great stuff. @Speicherx showed the power of crypto. Itâ€™s humans first!,en,"[{'screen_name': 'speicherx', 'name': 'jowella ğŸŒ–', 'id': '257846146'}]",[],[],0,0,7,[],[],https://twitter.com/danku_r/status/1461729846757838849,False,,0,,,,,,,,"[{'screen_name': 'Remi_Tetot', 'name': 'Remi Tetot ğŸŒğŸŒ–ğŸ”´ğŸ¦‚', 'id': '1953841016'}]",,,,
1461723049393369093,1461707758160465921,2021-11-19 15:48:27 GMT,2021-11-19,15:48:27,+0000,1362475747559038978,danku_r,danku_r,,@Maria86606448 @terra_bots_io No way! I wanted this one too! This is pure fire! Kudos :),en,[],[],[],0,0,1,[],[],https://twitter.com/danku_r/status/1461723049393369093,False,,0,,,,,,,,"[{'screen_name': 'Maria86606448', 'name': 'Maria', 'id': '1345494610966163457'}, {'screen_name': 'terra_bots_io', 'name': 'TerraBots | Dcentral Nov 30', 'id': '1446826378981036036'}]",,,,
1461722359786790916,1461711377123446791,2021-11-19 15:45:42 GMT,2021-11-19,15:45:42,+0000,1362475747559038978,danku_r,danku_r,,@Qi_Capital Classic ğŸ™‡ğŸ»,en,[],[],[],0,0,4,[],[],https://twitter.com/danku_r/status/1461722359786790916,False,,0,,,,,,,,"[{'screen_name': 'Qi_Capital', 'name': 'Qi Capital', 'id': '1375399744000954370'}]",,,,
1461722234783948802,1461713172285460481,2021-11-19 15:45:12 GMT,2021-11-19,15:45:12,+0000,1362475747559038978,danku_r,danku_r,,@staderlabs ğŸ‘€,und,[],[],[],0,0,7,[],[],https://twitter.com/danku_r/status/1461722234783948802,False,,0,,,,,,,,"[{'screen_name': 'staderlabs', 'name': 'Stader Labs', 'id': '1387924807480664067'}]",,,,
1461721523132276743,1461716638223458306,2021-11-19 15:42:23 GMT,2021-11-19,15:42:23,+0000,1362475747559038978,danku_r,danku_r,,@defiremoney A pleasure to join you on this one sir :),en,[],[],[],0,0,1,[],[],https://twitter.com/danku_r/status/1461721523132276743,False,,0,,,,,,,,"[{'screen_name': 'defiremoney', 'name': 'defireğŸ”¥', 'id': '1422221490246799363'}]",,,,
1461714958878707715,1461707758160465921,2021-11-19 15:16:18 GMT,2021-11-19,15:16:18,+0000,1362475747559038978,danku_r,danku_r,,@Cryptopian111 @terra_bots_io The sword though ğŸ”¥,en,[],[],[],0,0,0,[],[],https://twitter.com/danku_r/status/1461714958878707715,False,,0,,,,,,,,"[{'screen_name': 'Cryptopian111', 'name': 'Cryptopian.USTğŸŒ–', 'id': '1155937079660032001'}, {'screen_name': 'terra_bots_io', 'name': 'TerraBots | Dcentral Nov 30', 'id': '1446826378981036036'}]",,,,
1461714861025603709,1461707758160465921,2021-11-19 15:15:54 GMT,2021-11-19,15:15:54,+0000,1362475747559038978,danku_r,danku_r,,@Anders11776053 @terra_bots_io Stay tuned for some special alpha next week ğŸ‘€,en,[],[],[],0,0,2,[],[],https://twitter.com/danku_r/status/1461714861025603709,False,,0,,,,,,,,"[{'screen_name': 'Anders11776053', 'name': 'Anderğ•Š.Uğ•ŠT ğŸ©ğŸ©', 'id': '1401046228218036225'}, {'screen_name': 'terra_bots_io', 'name': 'TerraBots | Dcentral Nov 30', 'id': '1446826378981036036'}]",,,,
1461711310400409608,1461707758160465921,2021-11-19 15:01:48 GMT,2021-11-19,15:01:48,+0000,1362475747559038978,danku_r,danku_r,,"@mf_vroom @terra_bots_io Damn, I am also looking for a rayban and bandana, but the other rayban :)",en,[],[],[],1,0,0,[],[],https://twitter.com/danku_r/status/1461711310400409608,False,,0,,,,,,,,"[{'screen_name': 'mf_vroom', 'name': 'mf_vroom $UST ğŸŒ•', 'id': '1454198416821587969'}, {'screen_name': 'terra_bots_io', 'name': 'TerraBots | Dcentral Nov 30', 'id': '1446826378981036036'}]",,,,
1461707758160465921,1461707758160465921,2021-11-19 14:47:41 GMT,2021-11-19,14:47:41,+0000,1362475747559038978,danku_r,danku_r,,"I call him Obi-BOT Kenobi.  May the @terra_bots_io &amp; $LUNA be with you, little friend.  https://t.co/gLE11eTTzy",en,"[{'screen_name': 'terra_bots_io', 'name': 'terrabots | dcentral nov 30', 'id': '1446826378981036036'}]",[],['https://pbs.twimg.com/media/FEkG-1pXoAQ7hYx.png'],27,15,215,[],['luna'],https://twitter.com/danku_r/status/1461707758160465921,False,,1,https://pbs.twimg.com/media/FEkG-1pXoAQ7hYx.png,,,,,,,[],,,,
1461670400241381381,1461649014558916608,2021-11-19 12:19:14 GMT,2021-11-19,12:19:14,+0000,1362475747559038978,danku_r,danku_r,,"@LUNAticHodler @TerraYoda Kind words, sir. Thank you :)",en,[],[],[],0,0,1,[],[],https://twitter.com/danku_r/status/1461670400241381381,False,,0,,,,,,,,"[{'screen_name': 'LUNAticHodler', 'name': 'LUNAticHodlerğŸŒ•', 'id': '1341028747558830080'}, {'screen_name': 'TerraYoda', 'name': 'Terra Yoda ğŸŒ–', 'id': '1428376779568394244'}]",,,,
1461669877215813637,1461635142745829383,2021-11-19 12:17:09 GMT,2021-11-19,12:17:09,+0000,1362475747559038978,danku_r,danku_r,,"@Route2FI I am testing $TIME, $OHM and $KLIMA as I would like to cover them soon on my channel. Need to experience it to see the power of DeFi 2.0 :)",en,[],[],[],4,0,33,[],"['time', 'ohm', 'klima']",https://twitter.com/danku_r/status/1461669877215813637,False,,0,,,,,,,,"[{'screen_name': 'Route2FI', 'name': 'Route 2 FI ğŸŒ–ğŸ¸', 'id': '1084397942319054850'}]",,,,
1461648331084554244,1461635142745829383,2021-11-19 10:51:32 GMT,2021-11-19,10:51:32,+0000,1362475747559038978,danku_r,danku_r,,"@Route2FI Didnâ€™t you get the $MEMO yesterday already, sir?",en,[],[],[],2,0,16,[],['memo'],https://twitter.com/danku_r/status/1461648331084554244,False,,0,,,,,,,,"[{'screen_name': 'Route2FI', 'name': 'Route 2 FI ğŸŒ–ğŸ¸', 'id': '1084397942319054850'}]",,,,
1461609818280677376,1461374527884177409,2021-11-19 08:18:30 GMT,2021-11-19,08:18:30,+0000,1362475747559038978,danku_r,danku_r,,"@TheRyanLion @Cristian393939 @AnteAnt33693881 @TerraYoda @Derthebear2 Probably because of the new pfp. I miss smiling real life Ryan too ğŸ˜©  (Not kidding, we underestimate how much people focus on the pic rather then reading the name posting :))",en,[],[],[],4,0,7,[],[],https://twitter.com/danku_r/status/1461609818280677376,False,,0,,,,,,,,"[{'screen_name': 'TheRyanLion', 'name': 'RyanLion ğŸŒ–', 'id': '1326366156173824000'}, {'screen_name': 'Cristian393939', 'name': 'DeFiDaddyKool ğŸŒ¸âš›ï¸ğŸŒ–', 'id': '958879143239737344'}, {'screen_name': 'AnteAnt33693881', 'name': 'Ante Antic', 'id': '1424477371672023044'}, {'screen_name': 'TerraYoda', 'name': 'Terra Yoda ğŸŒ–', 'id': '1428376779568394244'}, {'screen_name': 'Derthebear2', 'name': 'Derthebear', 'id': '1142170344675041285'}]",,,,
1461608099517771777,1461541849181552641,2021-11-19 08:11:40 GMT,2021-11-19,08:11:40,+0000,1362475747559038978,danku_r,danku_r,,"@farmerdbrown @alphaDefi_ maybe an interesting addition to your dashboard? Love this overview, great work @farmerdbrown",en,"[{'screen_name': 'farmerdbrown', 'name': 'farmer d brown $ust ğŸŒ– $kda â›“ğŸ•¸', 'id': '51686561'}]",[],[],1,0,17,[],[],https://twitter.com/danku_r/status/1461608099517771777,False,,0,,,,,,,,"[{'screen_name': 'farmerdbrown', 'name': 'Farmer D Brown $UST ğŸŒ– $KDA â›“ğŸ•¸', 'id': '51686561'}]",,,,
1461594366405918726,1461574169796255744,2021-11-19 07:17:06 GMT,2021-11-19,07:17:06,+0000,1362475747559038978,danku_r,danku_r,,@chauncey_stjohn @ThorGuards @THORChain @terra_money @kevinrose @FLAMINGODAO @angelprotocol ğŸ‘€ğŸ™‡ğŸ»ğŸ™‡ğŸ»,und,[],[],[],0,0,4,[],[],https://twitter.com/danku_r/status/1461594366405918726,False,,0,,,,,,,,"[{'screen_name': 'chauncey_stjohn', 'name': 'Chauncey St. John ğŸŒ–ğŸ˜‡ $UST', 'id': '734080891786539008'}, {'screen_name': 'ThorGuards', 'name': 'ThorGuards âš’ï¸', 'id': '1435778615992594437'}, {'screen_name': 'THORChain', 'name': 'THORChain #RAISETHECAPS', 'id': '1012021170244161536'}, {'screen_name': 'terra_money', 'name': 'Terra (UST) ğŸŒ Powered by LUNA ğŸŒ•', 'id': '1022028994772910086'}, {'screen_name': 'kevinrose', 'name': 'KÎVIN Râ—SE', 'id': '657863'}, {'screen_name': 'FLAMINGODAO', 'name': 'ğŸ¦©FLAMINGOğŸ¦©', 'id': '1307002014921101313'}, {'screen_name': 'angelprotocol', 'name': 'Angel Protocol ğŸ˜‡', 'id': '1384732309123829761'}]",,,,
1461484866185404416,1461476209678688258,2021-11-19 00:01:59 GMT,2021-11-19,00:01:59,+0000,1362475747559038978,danku_r,danku_r,,@_darrylgulp @cy_coleman @LunaBulls  https://t.co/j8Orga7OHy,und,[],[],['https://pbs.twimg.com/tweet_video_thumb/FEg8vFNX0A0uRqg.jpg'],0,0,2,[],[],https://twitter.com/danku_r/status/1461484866185404416,False,,1,https://pbs.twimg.com/tweet_video_thumb/FEg8vFNX0A0uRqg.jpg,,,,,,,"[{'screen_name': '_darrylgulp', 'name': 'Darryl', 'id': '1393663438589595649'}, {'screen_name': 'cy_coleman', 'name': 'Coleman $UST ğŸŒ–', 'id': '943211139512532994'}]",,,,
1461477996959879169,1461476905128009734,2021-11-18 23:34:42 GMT,2021-11-18,23:34:42,+0000,1362475747559038978,danku_r,danku_r,,@cy_coleman TA is and stays woodoo :),en,[],[],[],1,0,1,[],[],https://twitter.com/danku_r/status/1461477996959879169,False,,0,,,,,,,,"[{'screen_name': 'cy_coleman', 'name': 'Coleman $UST ğŸŒ–', 'id': '943211139512532994'}]",,,,
1461457320660115466,1461450405196533765,2021-11-18 22:12:32 GMT,2021-11-18,22:12:32,+0000,1362475747559038978,danku_r,danku_r,,"@TwiceInABluMoon of course, I have not put a TM yet ğŸ‘€",en,[],[],[],1,0,0,[],[],https://twitter.com/danku_r/status/1461457320660115466,False,,0,,,,,,,,"[{'screen_name': 'TwiceInABluMoon', 'name': 'Trevor.UST ğŸ˜‡', 'id': '4746375182'}]",,,,
1461456869558562822,1461450405196533765,2021-11-18 22:10:44 GMT,2021-11-18,22:10:44,+0000,1362475747559038978,danku_r,danku_r,,"@TwiceInABluMoon yes sir, haha.",tl,[],[],[],1,0,0,[],[],https://twitter.com/danku_r/status/1461456869558562822,False,,0,,,,,,,,"[{'screen_name': 'TwiceInABluMoon', 'name': 'Trevor.UST ğŸ˜‡', 'id': '4746375182'}]",,,,
1461451729258565635,1460986052747972613,2021-11-18 21:50:19 GMT,2021-11-18,21:50:19,+0000,1362475747559038978,danku_r,danku_r,,@Crypto_Lien @terra_money @astroport_fi just create an LP once the pools are live or shortly before that. Should be no issue :),en,[],[],[],0,0,1,[],[],https://twitter.com/danku_r/status/1461451729258565635,False,,0,,,,,,,,"[{'screen_name': 'Crypto_Lien', 'name': '(3, 3) tHorlIen', 'id': '1347999302870659074'}, {'screen_name': 'terra_money', 'name': 'Terra (UST) ğŸŒ Powered by LUNA ğŸŒ•', 'id': '1022028994772910086'}, {'screen_name': 'astroport_fi', 'name': 'Astroport âœ¦', 'id': '1410977953203302405'}]",,,,
1461450405196533765,1461450405196533765,2021-11-18 21:45:03 GMT,2021-11-18,21:45:03,+0000,1362475747559038978,danku_r,danku_r,,"I think he was looking for this.  ItÂ´s the cover page of the famous book ""Way of the WAGMI"". Currently out of order.  https://t.co/iVhGAojza4",en,[],[],['https://pbs.twimg.com/media/FEgdLWFXIAEzh6y.jpg'],3,0,25,[],[],https://twitter.com/danku_r/status/1461450405196533765,False,https://twitter.com/TwiceInABluMoon/status/1461441509576740865,1,https://pbs.twimg.com/media/FEgdLWFXIAEzh6y.jpg,,,,,,,[],,,,
1461343671912181768,1461325583854366720,2021-11-18 14:40:56 GMT,2021-11-18,14:40:56,+0000,1362475747559038978,danku_r,danku_r,,@coinhall_org Congrats sir!,en,[],[],[],1,0,24,[],[],https://twitter.com/danku_r/status/1461343671912181768,False,,0,,,,,,,,"[{'screen_name': 'coinhall_org', 'name': 'Coinhall', 'id': '1425610654900133891'}]",,,,
1461342334709157888,1461308680805048321,2021-11-18 14:35:37 GMT,2021-11-18,14:35:37,+0000,1362475747559038978,danku_r,danku_r,,"@Tristan0x I have that display too, itâ€™s fire (but yeah, I have a desk and a bed, probably I NGMI)",en,[],[],[],0,0,5,[],[],https://twitter.com/danku_r/status/1461342334709157888,False,,0,,,,,,,,"[{'screen_name': 'Tristan0x', 'name': 'Tristan (Î¶, Î¶)', 'id': '923155789094699008'}]",,,,
1461341948313174028,1461270087785058313,2021-11-18 14:34:05 GMT,2021-11-18,14:34:05,+0000,1362475747559038978,danku_r,danku_r,,@byongho @Levana_protocol @ApolloDAO @astroport_fi We got you sir :)  https://t.co/0kDO5b4FmN,en,[],['https://calendar.google.com/calendar/u/0/r?cid=Z2sydjU0Yml1MWQ1ZTZ1YmZiOWhvOHZndWdAZ3JvdXAuY2FsZW5kYXIuZ29vZ2xlLmNvbQ&pli=1&s=09'],[],1,1,11,[],[],https://twitter.com/danku_r/status/1461341948313174028,False,,0,,,,,,,,"[{'screen_name': 'byongho', 'name': 'Byong Kang ğŸŒ–', 'id': '69983524'}, {'screen_name': 'Levana_protocol', 'name': 'Levana Protocol (ğŸ‰,ğŸ‰)', 'id': '1385260253076414467'}, {'screen_name': 'ApolloDAO', 'name': 'Apollo DAO ğŸŒ–', 'id': '1377000992617721859'}, {'screen_name': 'astroport_fi', 'name': 'Astroport âœ¦', 'id': '1410977953203302405'}]",,,,
1461334411757162497,1460986052747972613,2021-11-18 14:04:08 GMT,2021-11-18,14:04:08,+0000,1362475747559038978,danku_r,danku_r,,"@jcrypto144 @TerraBitesPod @terra_money @astroport_fi A general video on the drop is out. The day it goes live, I will follow up :)",en,[],[],[],1,0,1,[],[],https://twitter.com/danku_r/status/1461334411757162497,False,,0,,,,,,,,"[{'screen_name': 'jcrypto144', 'name': 'joshua', 'id': '1383088194376364037'}, {'screen_name': 'TerraBitesPod', 'name': 'Terra Bites ğŸŒ– $LUNA $UST âš›ï¸', 'id': '1352473582438395906'}, {'screen_name': 'terra_money', 'name': 'Terra (UST) ğŸŒ Powered by LUNA ğŸŒ•', 'id': '1022028994772910086'}, {'screen_name': 'astroport_fi', 'name': 'Astroport âœ¦', 'id': '1410977953203302405'}]",,,,
1461301382359752709,1461084919287984132,2021-11-18 11:52:53 GMT,2021-11-18,11:52:53,+0000,1362475747559038978,danku_r,danku_r,,"@krmotkowicz @terra_money @StarTerra_io As a farmer with planned yield expectation I think less interesting due to the gaming approach. However, fair feedback! Same for white whale, which is not yet in :)",en,[],[],[],0,0,0,[],[],https://twitter.com/danku_r/status/1461301382359752709,False,,0,,,,,,,,"[{'screen_name': 'krmotkowicz', 'name': 'Krystian Motkowicz', 'id': '812110655247388672'}, {'screen_name': 'terra_money', 'name': 'Terra (UST) ğŸŒ Powered by LUNA ğŸŒ•', 'id': '1022028994772910086'}, {'screen_name': 'StarTerra_io', 'name': 'StarTerra', 'id': '1382612944001900545'}]",,,,
1461255099548942339,1461250213478342656,2021-11-18 08:48:59 GMT,2021-11-18,08:48:59,+0000,1362475747559038978,danku_r,danku_r,,"@watchlend @mirror_protocol Hey Jan, da bin ich zu wenig in der Aktienszene drinnen. Ich sehe es nur aus yield-Perspektive. Da kannst du dir die APRs bei @alphaDefi_ auf der Webapp anschauen :)",de,"[{'screen_name': 'alphadefi_', 'name': 'alphadefi', 'id': '1387576942363385857'}]",[],[],2,0,1,[],[],https://twitter.com/danku_r/status/1461255099548942339,False,,0,,,,,,,,"[{'screen_name': 'watchlend', 'name': 'LunaBull7568', 'id': '1113106384076320768'}, {'screen_name': 'mirror_protocol', 'name': 'Mirror Protocol', 'id': '1334427533064855552'}]",,,,
1461122179974709253,1461078871537864707,2021-11-18 00:00:48 GMT,2021-11-18,00:00:48,+0000,1362475747559038978,danku_r,danku_r,,"@TheRyanLion @AlphaSeeker21 @lejimmy Not sure, sir. TFLOKI is truly legit ğŸ™‹ğŸ»â€â™‚ï¸",en,[],[],[],4,0,19,[],[],https://twitter.com/danku_r/status/1461122179974709253,False,,0,,,,,,,,"[{'screen_name': 'TheRyanLion', 'name': 'RyanLion ğŸŒ–', 'id': '1326366156173824000'}, {'screen_name': 'AlphaSeeker21', 'name': 'Alpha Seeker.UST ğŸŒ–ğŸ¶', 'id': '985407854822617088'}, {'screen_name': 'lejimmy', 'name': 'Jimmy LÎ (ğŸŒ–, ğŸŒ²)', 'id': '19207319'}]",,,,
1461117880913862657,1461114493296074762,2021-11-17 23:43:43 GMT,2021-11-17,23:43:43,+0000,1362475747559038978,danku_r,danku_r,,@lejimmy  https://t.co/bqp7D7VYVG,und,[],[],['https://pbs.twimg.com/tweet_video_thumb/FEbu9ulWUAU8wYi.jpg'],0,2,2,[],[],https://twitter.com/danku_r/status/1461117880913862657,False,,1,https://pbs.twimg.com/tweet_video_thumb/FEbu9ulWUAU8wYi.jpg,,,,,,,[],,,,
1461116937946255361,1461114493296074762,2021-11-17 23:39:58 GMT,2021-11-17,23:39:58,+0000,1362475747559038978,danku_r,danku_r,,@lejimmy I want the classic Jimmy back ğŸ˜© 1 out of 1 minted,en,[],[],[],1,0,2,[],[],https://twitter.com/danku_r/status/1461116937946255361,False,,0,,,,,,,,"[{'screen_name': 'lejimmy', 'name': 'Jimmy LÎ (ğŸŒ–, ğŸŒ²)', 'id': '19207319'}]",,,,
1461116660895657986,1461078871537864707,2021-11-17 23:38:52 GMT,2021-11-17,23:38:52,+0000,1362475747559038978,danku_r,danku_r,,"@TheRyanLion @lejimmy Nope, sir. You are not alone ğŸ™‹ğŸ»â€â™‚ï¸",en,[],[],[],1,0,17,[],[],https://twitter.com/danku_r/status/1461116660895657986,False,,0,,,,,,,,"[{'screen_name': 'TheRyanLion', 'name': 'RyanLion ğŸŒ–', 'id': '1326366156173824000'}, {'screen_name': 'lejimmy', 'name': 'Jimmy LÎ (ğŸŒ–, ğŸŒ²)', 'id': '19207319'}]",,,,
1461091935502970897,1461084919287984132,2021-11-17 22:00:37 GMT,2021-11-17,22:00:37,+0000,1362475747559038978,danku_r,danku_r,,@CryptoMaxiboy @MPHAK86 @terra_money sounds almost like WAGMIdao :) canÂ´t wait to get it out there :) curious to see if people are interested :),en,[],[],[],1,0,11,[],[],https://twitter.com/danku_r/status/1461091935502970897,False,,0,,,,,,,,"[{'screen_name': 'CryptoMaxiboy', 'name': 'CryptoMaxi ğŸŒ”', 'id': '1425845837826035718'}, {'screen_name': 'MPHAK86', 'name': 'Luna', 'id': '1434925683336175618'}, {'screen_name': 'terra_money', 'name': 'Terra (UST) ğŸŒ Powered by LUNA ğŸŒ•', 'id': '1022028994772910086'}]",,,,
1461084919287984132,1461084919287984132,2021-11-17 21:32:45 GMT,2021-11-17,21:32:45,+0000,1362475747559038978,danku_r,danku_r,,I tried to visualize the future opportunities and protocol connections for my farming update on @terra_money tomorrow.  I realized that this is becoming almost impossible and my farmers' heart loves it! ğŸ§‘â€ğŸŒ¾  Challenge: Grab the arrows and try your luck :)  https://t.co/p08SKWeVwz,en,"[{'screen_name': 'terra_money', 'name': 'terra (ust) ğŸŒ powered by luna ğŸŒ•', 'id': '1022028994772910086'}]",[],['https://pbs.twimg.com/media/FEbQchsWQAUmCtB.jpg'],16,63,381,[],[],https://twitter.com/danku_r/status/1461084919287984132,False,,1,https://pbs.twimg.com/media/FEbQchsWQAUmCtB.jpg,,,,,,,[],,,,
1461061473141207046,1461002718730932232,2021-11-17 19:59:35 GMT,2021-11-17,19:59:35,+0000,1362475747559038978,danku_r,danku_r,,"@felixls4k @LeeDerric @terra_money @osmosiszone @sunnya97 @TwitterSpaces @cosmos itÂ´s new, give it a day to calculate :)",en,[],[],[],0,0,1,[],[],https://twitter.com/danku_r/status/1461061473141207046,False,,0,,,,,,,,"[{'screen_name': 'felixls4k', 'name': 'Felixls', 'id': '857153885487734785'}, {'screen_name': 'LeeDerric', 'name': 'Hysticali ğŸŒ–âš›ï¸ ğŸ‡»ğŸ‡³', 'id': '1136443926926090240'}, {'screen_name': 'terra_money', 'name': 'Terra (UST) ğŸŒ Powered by LUNA ğŸŒ•', 'id': '1022028994772910086'}, {'screen_name': 'osmosiszone', 'name': 'Osmosis', 'id': '1357133940109103104'}, {'screen_name': 'sunnya97', 'name': 'Sunny Aggarwal #IBC_MAXI', 'id': '143608636'}, {'screen_name': 'TwitterSpaces', 'name': 'Spaces', 'id': '1065249714214457345'}, {'screen_name': 'cosmos', 'name': 'Cosmos - Internet of Blockchains âš›ï¸', 'id': '15223775'}]",,,,
1461048975549677568,1461043605095817218,2021-11-17 19:09:55 GMT,2021-11-17,19:09:55,+0000,1362475747559038978,danku_r,danku_r,,"@collinaustin yes sir! Agree! Difficult to forsee the effects! Will follow up, once the rewards are adjusted :)",en,[],[],[],1,0,1,[],[],https://twitter.com/danku_r/status/1461048975549677568,False,,0,,,,,,,,"[{'screen_name': 'collinaustin', 'name': 'Collin ğŸŒ–ğŸ¸', 'id': '21619881'}]",,,,
1461044989375528972,1461002718730932232,2021-11-17 18:54:05 GMT,2021-11-17,18:54:05,+0000,1362475747559038978,danku_r,danku_r,,@LeeDerric @terra_money @osmosiszone @sunnya97 @TwitterSpaces @cosmos Pool 581,en,[],[],[],1,0,1,[],[],https://twitter.com/danku_r/status/1461044989375528972,False,,0,,,,,,,,"[{'screen_name': 'LeeDerric', 'name': 'Hysticali ğŸŒ–âš›ï¸ ğŸ‡»ğŸ‡³', 'id': '1136443926926090240'}, {'screen_name': 'terra_money', 'name': 'Terra (UST) ğŸŒ Powered by LUNA ğŸŒ•', 'id': '1022028994772910086'}, {'screen_name': 'osmosiszone', 'name': 'Osmosis', 'id': '1357133940109103104'}, {'screen_name': 'sunnya97', 'name': 'Sunny Aggarwal #IBC_MAXI', 'id': '143608636'}, {'screen_name': 'TwitterSpaces', 'name': 'Spaces', 'id': '1065249714214457345'}, {'screen_name': 'cosmos', 'name': 'Cosmos - Internet of Blockchains âš›ï¸', 'id': '15223775'}]",,,,
1461044913022414869,1461044523472244743,2021-11-17 18:53:46 GMT,2021-11-17,18:53:46,+0000,1362475747559038978,danku_r,danku_r,,@osmosiszone  https://t.co/kbvVYIR8cs,und,[],[],['https://pbs.twimg.com/tweet_video_thumb/FEasmZ-XEAY-T87.jpg'],0,1,4,[],[],https://twitter.com/danku_r/status/1461044913022414869,False,,1,https://pbs.twimg.com/tweet_video_thumb/FEasmZ-XEAY-T87.jpg,,,,,,,[],,,,
1461043605095817218,1461043605095817218,2021-11-17 18:48:34 GMT,2021-11-17,18:48:34,+0000,1362475747559038978,danku_r,danku_r,,Like to see when protocol react to community feedback :) video on community farming soon!,en,[],[],[],2,0,14,[],[],https://twitter.com/danku_r/status/1461043605095817218,False,https://twitter.com/staderlabs/status/1461038306028777472,0,,,,,,,,[],,,,
1461039047883825156,1461039047883825156,2021-11-17 18:30:28 GMT,2021-11-17,18:30:28,+0000,1362475747559038978,danku_r,danku_r,,"International collaboration on @NexusProtocol   I have been invited by @freshfey  to talk about Nexus in German ğŸ‡©ğŸ‡ªğŸº LetÂ´s onboard the mainstream worldwide :)  ""Sind wir nicht alle ein bisschen bLUNA?""",en,"[{'screen_name': 'nexusprotocol', 'name': 'nexus protocol (Ïˆ,Ïˆ)', 'id': '1383761761468178432'}, {'screen_name': 'freshfey', 'name': 'feyyaz alingan', 'id': '25579093'}]",[],[],4,8,87,[],[],https://twitter.com/danku_r/status/1461039047883825156,False,https://twitter.com/freshfey/status/1461033514309234689,0,,,,,,,,[],,,,
1461030480959135744,1461026506398785536,2021-11-17 17:56:25 GMT,2021-11-17,17:56:25,+0000,1362475747559038978,danku_r,danku_r,,@TildaPrad @astroport_fi @mars_protocol Staking or proving liquidity to bLuna/Luna on TerraSwap :) will do a video probably tomorrow to update farming opportunities :),en,[],[],[],1,0,1,[],[],https://twitter.com/danku_r/status/1461030480959135744,False,,0,,,,,,,,"[{'screen_name': 'TildaPrad', 'name': 'Prad Tilda', 'id': '1457104573617741824'}, {'screen_name': 'astroport_fi', 'name': 'Astroport âœ¦', 'id': '1410977953203302405'}, {'screen_name': 'mars_protocol', 'name': 'Mars Protocol', 'id': '1376538280087404545'}]",,,,
1461011388084666368,1461005942368227328,2021-11-17 16:40:33 GMT,2021-11-17,16:40:33,+0000,1362475747559038978,danku_r,danku_r,,@octalmage @cy_coleman @orca_so I had the same thought :D,en,[],[],[],0,0,2,[],[],https://twitter.com/danku_r/status/1461011388084666368,False,,0,,,,,,,,"[{'screen_name': 'octalmage', 'name': 'octalmage.UST', 'id': '4275811'}, {'screen_name': 'cy_coleman', 'name': 'Coleman $UST ğŸŒ–', 'id': '943211139512532994'}, {'screen_name': 'orca_so', 'name': 'Orca â˜€ï¸', 'id': '1308560600532803584'}]",,,,
